{"cameraMode":{"drawMode":0,"name":"Shaded","section":"Shading Mode"},"sceneLighting":false,"audioPlay":false,"sceneViewState":{"showFog":true,"showMaterialUpdate":false,"showSkybox":true,"showFlares":true,"showImageEffects":true,"showParticleSystems":true},"in2DMode":false,"pivot":{"x":6.623933792114258,"y":-5.438344955444336,"z":1.3359994888305665},"rotation":{"x":-0.16225652396678925,"y":-0.5187384486198425,"z":0.10100683569908142,"w":-0.8332952260971069},"size":22.0,"orthographic":false}