{"cameraMode":{"drawMode":0,"name":"Shaded","section":"Shading Mode"},"sceneLighting":false,"audioPlay":false,"sceneViewState":{"showFog":true,"showMaterialUpdate":false,"showSkybox":true,"showFlares":true,"showImageEffects":true,"showParticleSystems":true},"in2DMode":false,"pivot":{"x":11.254327774047852,"y":-4.13486385345459,"z":-4.94590425491333},"rotation":{"x":0.11931878328323364,"y":0.8024870157241821,"z":-0.17130418121814729,"w":0.5589567422866821},"size":19.886016845703126,"orthographic":false}