{"cameraMode":{"drawMode":0,"name":"Shaded","section":"Shading Mode"},"sceneLighting":false,"audioPlay":false,"sceneViewState":{"showFog":true,"showMaterialUpdate":false,"showSkybox":true,"showFlares":true,"showImageEffects":true,"showParticleSystems":true},"in2DMode":false,"pivot":{"x":2.723865509033203,"y":3.6550960540771486,"z":-4.4290618896484379},"rotation":{"x":-0.08184678107500076,"y":-0.6240019798278809,"z":0.06595758348703385,"w":-0.7743205428123474},"size":22.0,"orthographic":false}